<?xml version="1.0" encoding="UTF-8"?>
<server description="Configuration generated by binaryAppScanner">
    <featureManager>
        <!--The following features are available in all editions of Liberty.-->
        <!-- <feature>appSecurity-2.0</feature> -->
        <feature>beanValidation-1.0</feature>
        <feature>cdi-1.0</feature>
        <feature>ejbLite-3.1</feature>
        <feature>javaMail-1.5</feature>
        <feature>jndi-1.0</feature>
        <feature>jpa-2.0</feature>
        <feature>jsf-2.0</feature>
        <feature>jsp-2.2</feature>
        <feature>servlet-3.0</feature>
    </featureManager>
    <applicationManager autoExpand="true"/>
    <httpEndpoint host="*" httpPort="9080" httpsPort="9443" id="defaultHttpEndpoint"/>
    <jdbcDriver id="Derby_JDBC_Provider_(XA)">
        <library>
            <file name="${DERBY_JDBC_DRIVER_PATH}/derby.jar"/>
        </library>
    </jdbcDriver>
    <dataSource id="PBW XA DataSource" jdbcDriverRef="Derby_JDBC_Provider_(XA)" jndiName="jdbc/PlantsByWebSphereDataSource">
        <properties.derby.embedded databaseName="${WAS_INSTALL_ROOT}/derby/databases/PLANTSDB"/>
        <connectionManager agedTimeout="-1" connectionTimeout="180" maxIdleTime="1800" maxPoolSize="10" minPoolSize="1" purgePolicy="EntirePool" reapTime="180"/>
    </dataSource>
    <dataSource id="DefaultEJBTimerDataSource" jdbcDriverRef="Derby_JDBC_Provider_(XA)" jndiName="jdbc/DefaultEJBTimerDataSource">
        <properties.derby.embedded connectionAttributes="upgrade=true" databaseName="${USER_INSTALL_ROOT}/databases/EJBTimers/${SERVER}/EJBTimerDB"/>
        <connectionManager agedTimeout="-1" connectionTimeout="1800" maxIdleTime="1800" maxPoolSize="30" minPoolSize="1" purgePolicy="EntirePool" reapTime="180"/>
    </dataSource>
    <dataSource id="PBW non-JTA DataSource" jdbcDriverRef="Derby_JDBC_Provider_(XA)" jndiName="jdbc/PlantsByWebSphereDataSourceNONJTA">
        <properties.derby.embedded databaseName="${WAS_INSTALL_ROOT}/derby/databases/PLANTSDB" nonTransactionalDataSource="true"/>
        <connectionManager agedTimeout="-1" connectionTimeout="180" maxIdleTime="1800" maxPoolSize="10" minPoolSize="1" purgePolicy="EntirePool" reapTime="180"/>
    </dataSource>
    <variable name="WAS_INSTALL_ROOT" value="/config"/>
    <variable name="DERBY_JDBC_DRIVER_PATH" value="${WAS_INSTALL_ROOT}/derby/lib" />
</server>